{
  "train_losses": [
    0.9360687602820292,
    0.6795412906613506,
    0.4872737979933701,
    0.39146350249851664,
    0.3317735799756206
  ],
  "val_losses": [
    0.8230043649673462,
    0.5392450063851228,
    0.42580001369403425,
    0.3850682214566856,
    0.3526678915568598
  ],
  "val_f1_micro": [
    0.39623454131544944,
    0.4541787470061767,
    0.5452754413881943,
    0.6277423302158902,
    0.6235669338850099
  ],
  "val_f1_macro": [
    0.09366224270430751,
    0.23421782432004487,
    0.33940284961455536,
    0.416785428436259,
    0.4129479836803018
  ],
  "best_epoch": 4,
  "best_f1": 0.6277423302158902
}